delta,wing,dte,max_vix,trades,win_rate,total_pnl,avg_pnl,sharpe
0.1,20,1,17,518,0.918918918918919,80766.13197649024,155.91917369978796,0.36065791973062156
0.1,20,1,20,823,0.9161603888213852,132626.60830283267,161.15019234852068,0.38069107647736844
0.1,20,1,25,1081,0.9084181313598519,160121.21723772265,148.12323518753263,0.3229410255631246
0.1,20,2,17,517,0.9593810444874274,124179.91311295386,240.19325553762852,0.7731136247426681
0.1,20,2,20,822,0.9659367396593674,207016.52403184728,251.84491974677292,0.8476831338807566
0.1,20,2,25,1080,0.9592592592592593,261946.91797718636,242.5434425714688,0.7331937659514035
0.1,20,3,17,516,0.9496124031007752,120758.10628976027,234.02733777085317,0.6254040985070465
0.1,20,3,20,821,0.9427527405602923,182372.15661008772,222.1341737029084,0.5435713774165625
0.1,20,3,25,1079,0.9360518999073216,228163.05315315953,211.4578805868023,0.4829144527070225
0.1,25,1,17,518,0.918918918918919,94712.29589758582,182.84227007255953,0.37478865996075783
0.1,25,1,20,823,0.9173754556500607,157462.21203599562,191.32711061481862,0.4037778817086533
0.1,25,1,25,1081,0.910268270120259,190295.9365004788,176.03694403374521,0.3373672887920292
0.1,25,2,17,517,0.9593810444874274,144953.01733585415,280.3733410751532,0.7539138979024042
0.1,25,2,20,822,0.9659367396593674,242445.0349772601,294.9452980258641,0.8318677698580357
0.1,25,2,25,1080,0.9592592592592593,308041.85581276077,285.2239405673716,0.7237072815505676
0.1,25,3,17,516,0.9496124031007752,143218.3139073169,277.55487191340495,0.6240834846042004
0.1,25,3,20,821,0.9427527405602923,217152.59498827913,264.49767964467645,0.543582490139852
0.1,25,3,25,1079,0.9360518999073216,271999.7953787796,252.08507449377163,0.48149017136514255
0.1,30,1,17,518,0.918918918918919,105862.81403423389,204.36836686145554,0.38116179832386987
0.1,30,1,20,823,0.9173754556500607,178531.50261688803,216.92770670338774,0.42313821532816787
0.1,30,1,25,1081,0.910268270120259,215369.43287741745,199.23166778669494,0.3457999274571774
0.1,30,2,17,517,0.9613152804642167,162045.94614704934,313.4350989304627,0.7262009746809527
0.1,30,2,20,822,0.9671532846715328,272333.3889518061,331.3058259754332,0.8106885393175961
0.1,30,2,25,1080,0.9601851851851851,347239.07397146634,321.517661084691,0.7083928829718386
0.1,30,3,17,516,0.9496124031007752,162771.24353156443,315.44814637900106,0.6176765100229148
0.1,30,3,20,821,0.9427527405602923,247785.19408718494,301.8090061963274,0.5400065111405185
0.1,30,3,25,1079,0.9360518999073216,310759.8225376632,288.0072498032097,0.4770942613775198
0.1,35,1,17,518,0.918918918918919,114814.73518988058,221.65006793413238,0.3847381918539246
0.1,35,1,20,823,0.9173754556500607,195991.47258546154,238.1427370418729,0.4386920629837131
0.1,35,1,25,1081,0.9111933395004626,235973.32276953937,218.29169543898178,0.3506170896009694
0.1,35,2,17,517,0.9613152804642167,176481.33972236735,341.35655652295435,0.7064373260265792
0.1,35,2,20,822,0.9671532846715328,297999.1483932356,362.5293776073423,0.7976653596947474
0.1,35,2,25,1080,0.9601851851851851,381097.9613512842,352.8684827326696,0.6974784275025234
0.1,35,3,17,516,0.9496124031007752,179863.2731874078,348.5722348593171,0.6110474611487497
0.1,35,3,20,821,0.9427527405602923,275132.01533461094,335.11816727723607,0.5381871488126918
0.1,35,3,25,1079,0.9360518999073216,345139.9613538651,319.87021441507414,0.4725098148880053
0.12,20,1,17,518,0.9111969111969112,100077.74986718447,193.20028931888888,0.4058376356592953
0.12,20,1,20,823,0.8979343863912516,155013.8306001323,188.35216354815603,0.38743450238612803
0.12,20,1,25,1081,0.8871415356151712,186929.8177567083,172.92305065375427,0.3334910871611444
0.12,20,2,17,517,0.9497098646034816,148210.51645832838,286.6741130722019,0.7985638410126715
0.12,20,2,20,822,0.9562043795620438,247040.74729232886,300.53618892010843,0.8873781934488998
0.12,20,2,25,1080,0.9444444444444444,308501.0206696734,285.6490932126606,0.7477947466163383
0.12,20,3,17,516,0.9282945736434108,138011.09180203523,267.4633562054947,0.6188000314600507
0.12,20,3,20,821,0.9159561510353228,208249.9311253856,253.65399649864267,0.5455720280901667
0.12,20,3,25,1079,0.9110287303058388,264266.34722376574,244.9178380201724,0.49958048512050107
0.12,25,1,17,518,0.9131274131274131,115756.20528593159,223.46757777206884,0.40540810339300964
0.12,25,1,20,823,0.9003645200486027,181903.09166743472,221.0244127186328,0.39524491359824876
0.12,25,1,25,1081,0.8899167437557817,219386.58149430508,202.94780896790493,0.3363784070578526
0.12,25,2,17,517,0.9516441005802708,174829.92005439822,338.1623211883914,0.8122409239379297
0.12,25,2,20,822,0.9574209245742092,291226.91748698044,354.2906538771052,0.8890043960122578
0.12,25,2,25,1080,0.9453703703703704,365575.8938677469,338.49619802569146,0.7535842799993998
0.12,25,3,17,516,0.9321705426356589,164281.63153644776,318.3752549155966,0.6143830768556547
0.12,25,3,20,821,0.9232643118148599,248630.96365715368,302.83917619628966,0.5423720499538731
0.12,25,3,25,1079,0.9184430027803522,315079.8961554036,292.01102516719465,0.4928555909762822
0.12,30,1,17,518,0.916988416988417,129085.72048300781,249.20023259267933,0.4084303394711043
0.12,30,1,20,823,0.9040097205346294,206744.34108368534,251.20819086717535,0.41271091763213896
0.12,30,1,25,1081,0.8945420906567992,249829.5752630908,231.10969034513496,0.34755654975712086
0.12,30,2,17,517,0.9516441005802708,197347.70559839785,381.7170321052181,0.8112911201851307
0.12,30,2,20,822,0.9586374695863747,329599.8313956778,400.9730308949854,0.8906238669548829
0.12,30,2,25,1080,0.9462962962962963,415556.81281772273,384.7748266830772,0.7568335860717431
0.12,30,3,17,516,0.9321705426356589,188497.16802085817,365.30458918770984,0.6213481197001073
0.12,30,3,20,821,0.9244823386114495,285710.8795686223,348.0035073917449,0.5450216257035578
0.12,30,3,25,1079,0.9193697868396663,361873.7743976169,335.37884559556716,0.4917875394390525
0.12,35,1,17,518,0.916988416988417,140022.56017159953,270.3138227250956,0.41055159825179943
0.12,35,1,20,823,0.905224787363305,227907.36569742527,276.92268006977525,0.4283028676179013
0.12,35,1,25,1081,0.8954671600370028,275690.76020900405,255.03308067437942,0.3561162008681668
0.12,35,2,17,517,0.9516441005802708,215933.36225930782,417.66607787100145,0.7951130288286151
0.12,35,2,20,822,0.9598540145985401,361724.37379839807,440.0539827231119,0.8751600533003288
0.12,35,2,25,1080,0.9472222222222222,458215.55535474536,424.27366236550506,0.7506770373512244
0.12,35,3,17,516,0.9321705426356589,209701.3222026475,406.3979112454408,0.6220073987498749
0.12,35,3,20,821,0.9244823386114495,318717.986432903,388.20704803033266,0.5453266920135337
0.12,35,3,25,1079,0.9193697868396663,403805.68791497103,374.2406746199917,0.48985767664645136
0.15,20,1,17,518,0.8803088803088803,122602.09990760041,236.6835905552134,0.43899535851266497
0.15,20,1,20,823,0.8663426488456865,186245.18346256894,226.30034442596462,0.40729082039114234
0.15,20,1,25,1081,0.8556891766882516,224874.08131253917,208.02412702362537,0.3542694733057796
0.15,20,2,17,517,0.9284332688588007,180861.12017734704,349.82808544941446,0.829297710374415
0.15,20,2,20,822,0.9257907542579076,292339.50443632866,355.644165980935,0.8623629298440707
0.15,20,2,25,1080,0.9120370370370371,361098.33642964653,334.3503115089319,0.7240060816931359
0.15,20,3,17,516,0.8992248062015504,163151.65277126344,316.1853735877198,0.6077995187796966
0.15,20,3,20,821,0.8879415347137637,245810.1672758206,299.40337061610273,0.5407323895146153
0.15,20,3,25,1079,0.8804448563484708,313083.86338957376,290.16113381795554,0.5064147532272113
0.15,25,1,17,518,0.8841698841698842,141878.36892035554,273.89646509721166,0.43204479165582943
0.15,25,1,20,823,0.8699878493317132,217571.6563733062,264.3641025192058,0.4049451651737001
0.15,25,1,25,1081,0.8593894542090657,263658.92466616805,243.90279802605747,0.35216981163259076
0.15,25,2,17,517,0.9284332688588007,214830.3577528747,415.5326068720978,0.846763656578307
0.15,25,2,20,822,0.9257907542579076,349829.9263934914,425.58385206020864,0.8942519995467818
0.15,25,2,25,1080,0.9120370370370371,434397.1598759327,402.2195924777158,0.7511107709153831
0.15,25,3,17,516,0.8992248062015504,198561.50501691978,384.80911824984486,0.6391536222990577
0.15,25,3,20,821,0.8915956151035322,299804.3255757704,365.16970228473895,0.5644842862436114
0.15,25,3,25,1079,0.8860055607043559,381731.28495401936,353.78246983690434,0.5239021763323255
0.15,30,1,17,518,0.888030888030888,158524.88944314144,306.0326051025898,0.43152814486865454
0.15,30,1,20,823,0.8748481166464156,245406.2485618583,298.1849921772276,0.4088975806029441
0.15,30,1,25,1081,0.8640148011100832,297301.981052911,275.02495934589354,0.3519627604441833
0.15,30,2,17,517,0.9284332688588007,244099.1296167254,472.1453184075929,0.8530352539752039
0.15,30,2,20,822,0.9257907542579076,399591.4830041118,486.1210255524479,0.9072658105777739
0.15,30,2,25,1080,0.912962962962963,498261.66147732874,461.3533902567861,0.7622461518914868
0.15,30,3,17,516,0.8992248062015504,229654.9077440711,445.06765066680424,0.6518577134534786
0.15,30,3,20,821,0.8915956151035322,347445.9282287341,423.1984509485191,0.5731785390612592
0.15,30,3,25,1079,0.8869323447636701,442700.43826135626,410.28770923202626,0.5295537481324648
0.15,35,1,17,518,0.8938223938223938,172460.10878787492,332.93457294956596,0.43206341237896917
0.15,35,1,20,823,0.8784933171324423,270568.71792273433,328.7590740251933,0.4186099279519679
0.15,35,1,25,1081,0.8677150786308974,328185.094865422,303.59398229918776,0.35722413096678984
0.15,35,2,17,517,0.9303675048355899,269389.97469332744,521.0637808381575,0.8565873302545136
0.15,35,2,20,822,0.9282238442822385,442433.5950059537,538.2403832189214,0.909557773721403
0.15,35,2,25,1080,0.9148148148148149,553895.0315087613,512.8657699155196,0.7660736434469205
0.15,35,3,17,516,0.8992248062015504,256216.2637440085,496.5431467907138,0.6487757894415077
0.15,35,3,20,821,0.8915956151035322,388880.61748436023,473.66701277023145,0.5719498359834785
0.15,35,3,25,1079,0.8869323447636701,495616.39456383156,459.3293740165262,0.5259550185977298
0.18,20,1,17,518,0.8474903474903475,142953.93913942488,275.97285548151507,0.4609436612889838
0.18,20,1,20,823,0.8371810449574727,213731.00699322164,259.69745685689134,0.4159956516470573
0.18,20,1,25,1081,0.820536540240518,253643.22040231392,234.63757669039228,0.3577618964686901
0.18,20,2,17,517,0.9110251450676983,210975.69285727208,408.0767753525574,0.8166906185228645
0.18,20,2,20,822,0.8978102189781022,326595.5487376024,397.31818581216896,0.7684016519098414
0.18,20,2,25,1080,0.8861111111111111,405550.4517528215,375.50967754890917,0.6694472338874965
0.18,20,3,17,516,0.8817829457364341,191233.01653385095,370.6066211896334,0.6245826583727593
0.18,20,3,20,821,0.8587088915956151,281070.7750880963,342.3517357954883,0.5471853881308842
0.18,20,3,25,1079,0.8443002780352178,350056.59747481917,324.4268743974225,0.5016614061687403
0.18,25,1,17,518,0.859073359073359,167075.29033855838,322.5391705377573,0.4579136714751976
0.18,25,1,20,823,0.8444714459295262,253159.9690422858,307.60628073181766,0.4215857935836205
0.18,25,1,25,1081,0.8288621646623496,301777.93454661145,279.1655268701309,0.3621060020654177
0.18,25,2,17,517,0.9129593810444874,251307.5693401263,486.0881418571102,0.8325239035287586
0.18,25,2,20,822,0.9014598540145985,394014.6190552176,479.3365195318948,0.805652687971267
0.18,25,2,25,1080,0.8888888888888888,488969.33118040196,452.7493807225943,0.690761833272713
0.18,25,3,17,516,0.8817829457364341,231724.62094177352,449.07872275537505,0.6435708317738937
0.18,25,3,20,821,0.8611449451887941,341064.23249551735,415.42537453777976,0.5570550151005803
0.18,25,3,25,1079,0.8489341983317887,427034.37548975507,395.76865198309054,0.5124087581159266
0.18,30,1,17,518,0.861003861003861,186999.23098559515,361.0023764200679,0.4532783703163939
0.18,30,1,20,823,0.8469015795868773,285792.62926222174,347.257143696503,0.42145728364660706
0.18,30,1,25,1081,0.8307123034227567,342108.12602097954,316.47375210081384,0.3619702523037909
0.18,30,2,17,517,0.9129593810444874,287927.94250503386,556.9205851161199,0.8574631272348071
0.18,30,2,20,822,0.902676399026764,456104.742647715,554.8719496930836,0.8481725499899496
0.18,30,2,25,1080,0.8907407407407407,567175.5380096197,525.1625351940924,0.7199634403862928
0.18,30,3,17,516,0.8875968992248062,269228.1194358496,521.759921387305,0.6617870310278203
0.18,30,3,20,821,0.8708891595615104,397678.4779919531,484.38304262113604,0.5701167069452713
0.18,30,3,25,1079,0.860982391102873,499714.65731483494,463.12757860503706,0.5241323937139157
0.18,35,1,17,518,0.862934362934363,203844.81061327035,393.52280041171895,0.4510841170580593
0.18,35,1,20,823,0.8493317132442284,313789.4199396474,381.27511535801597,0.42253347136619573
0.18,35,1,25,1081,0.8344125809435707,376710.57074988016,348.4834141997036,0.36184361134267945
0.18,35,2,17,517,0.9129593810444874,319209.07970872644,617.42568609038,0.8657496882536777
0.18,35,2,20,822,0.9038929440389294,509949.4846320269,620.3765019854336,0.8719853614104346
0.18,35,2,25,1080,0.8916666666666667,636831.9508821693,589.6592137797861,0.7408880217989361
0.18,35,3,17,516,0.8914728682170543,303519.26203553664,588.2156240998767,0.6775037200505669
0.18,35,3,20,821,0.8745432399512789,450653.38257439795,548.9078959493278,0.5841277517150736
0.18,35,3,25,1079,0.8637627432808156,567664.2333166606,526.1021624806871,0.5353993981489624
