date,spx,vix,momentum,put_delta,call_delta,contracts,credit,pnl,capital,win,year
2021-02-12,3934.830078125,19.96999931335449,0.012349395017328568,0.12,0.18,1,623.1328816019271,623.1328816019271,20623.132881601927,True,2021
2021-03-16,3962.7099609375,19.790000915527344,0.02251873873694521,0.1,0.2,1,621.961659246216,621.961659246216,21245.094540848142,True,2021
2021-03-22,3940.590087890625,18.8799991607666,-0.007142928321958952,0.18,0.12,1,614.7561456489797,614.7561456489797,21859.85068649712,True,2021
2021-03-26,3974.5400390625,18.86000061035156,0.0157010911739901,0.12,0.18,1,611.3182707996344,611.3182707996344,22471.168957296755,True,2021
2021-03-31,3972.889892578125,19.399999618530277,0.021534324378463587,0.1,0.2,1,615.0517370713914,-2384.9482629286085,20086.220694368145,False,2021
2021-04-06,4073.93994140625,18.1200008392334,0.025899652548617258,0.1,0.2,1,612.3173769522737,612.3173769522737,20698.538071320418,True,2021
2021-04-09,4128.7998046875,16.690000534057617,0.02709781269654865,0.1,0.2,1,593.0378166394917,593.0378166394917,21291.57588795991,True,2021
2021-04-14,4124.66015625,16.989999771118164,0.010958518024291708,0.12,0.18,1,593.1663063806326,-53.85517799436741,21237.720709965542,False,2021
2021-04-19,4163.259765625,17.290000915527344,0.008543995806070459,0.12,0.18,1,601.5347402891734,601.5347402891734,21839.255450254717,True,2021
2021-04-23,4180.169921875,17.329999923706055,-0.0012663554383812725,0.18,0.12,1,605.6502687373211,605.6502687373211,22444.90571899204,True,2021
2021-04-28,4183.18017578125,17.280000686645508,0.0023386704642616163,0.12,0.18,1,603.0057196199323,603.0057196199323,23047.91143861197,True,2021
2021-05-03,4192.66015625,18.309999465942383,0.001203556894240121,0.12,0.18,1,617.5043662878238,617.5043662878238,23665.415804899792,True,2021
2021-05-07,4232.60009765625,16.690000534057617,0.0123004270915128,0.12,0.18,1,599.6486483636801,-890.3415860113199,22775.074218888472,False,2021
2021-05-14,4173.85009765625,18.809999465942383,-0.013880356906983082,0.18,0.12,1,627.9051289623567,627.9051289623567,23402.97934785083,True,2021
2021-05-24,4197.0498046875,18.399999618530277,0.008108915138807404,0.12,0.18,1,621.4162508040744,621.4162508040744,24024.395598654904,True,2021
2021-05-28,4204.10986328125,16.760000228881836,0.011610112368395376,0.12,0.18,1,596.3121932599478,596.3121932599478,24620.70779191485,True,2021
2021-06-04,4229.89013671875,16.420000076293945,0.006905756583267975,0.12,0.18,1,595.2014761290911,595.2014761290911,25215.909268043943,True,2021
2021-06-09,4219.5498046875,17.889999389648438,0.002716102958496114,0.12,0.18,1,612.221735958201,612.221735958201,25828.13100400214,True,2021
2021-06-14,4255.14990234375,16.389999389648438,0.006773866604250722,0.12,0.18,1,596.063591705564,596.063591705564,26424.194595707704,True,2021
2021-06-21,4224.7900390625,17.889999389648438,-0.007134851645185902,0.18,0.12,1,618.7817915197598,618.7817915197598,27042.976387227463,True,2021
2021-06-25,4280.7001953125,15.619999885559082,0.027421424628701452,0.1,0.2,1,591.5439829173749,591.5439829173749,27634.520370144837,True,2021
2021-06-30,4297.5,15.829999923706056,0.013121701502240901,0.12,0.18,1,590.9729770424349,356.9886020424349,27991.508972187272,True,2021
2021-07-06,4343.5400390625,16.440000534057617,0.012336282595680093,0.12,0.18,1,595.7918357196405,595.7918357196405,28587.30080790691,True,2021
2021-07-09,4369.5498046875,16.18000030517578,0.01148392430314682,0.12,0.18,1,600.7182475972542,600.7182475972542,29188.019055504166,True,2021
2021-07-14,4374.2998046875,16.329999923706055,0.0037102891170752716,0.12,0.18,1,600.7241016064427,600.7241016064427,29788.74315711061,True,2021
2021-07-20,4323.06005859375,19.729999542236328,-0.010562527952730272,0.18,0.12,1,642.78338766253,642.78338766253,30431.52654477314,True,2021
2021-07-23,4411.7900390625,17.200000762939453,0.01955783464364358,0.12,0.18,1,619.8115604607665,619.8115604607665,31051.338105233906,True,2021
2021-07-28,4400.64013671875,18.309999465942383,0.009624496322618858,0.12,0.18,1,632.6638320152824,632.6638320152824,31684.001937249188,True,2021
2021-08-02,4387.16015625,19.459999084472656,-0.007946012253681412,0.18,0.12,1,643.6476987099184,643.6476987099184,32327.649635959107,True,2021
2021-08-06,4436.52001953125,16.149999618530273,0.009387443770432657,0.12,0.18,1,600.2295047917102,600.2295047917102,32927.87914075082,True,2021
2021-08-11,4442.41015625,16.170000076293945,0.009028632369811884,0.12,0.18,1,608.358969739183,608.358969739183,33536.23811049,True,2021
2021-08-16,4479.7099609375,16.1200008392334,0.010685045684070138,0.12,0.18,1,602.0792009266785,-620.9188459483215,32915.31926454168,False,2021
2021-08-20,4441.669921875,18.559999465942383,-0.005893034495299876,0.18,0.12,1,640.0501206451423,640.0501206451423,33555.36938518682,True,2021
2021-08-25,4496.18994140625,16.790000915527344,0.02179864450346125,0.1,0.2,1,613.806290963231,613.806290963231,34169.17567615005,True,2021
2021-08-30,4528.7900390625,16.190000534057617,0.010996746593689988,0.12,0.18,1,608.4104244646824,608.4104244646824,34777.58610061473,True,2021
2021-09-03,4535.43017578125,16.40999984741211,0.005779090630512185,0.12,0.18,1,610.9112525841425,610.9112525841425,35388.49735319887,True,2021
2021-09-13,4468.72998046875,19.3700008392334,-0.014706476062330887,0.18,0.12,1,650.7338618371818,650.7338618371818,36039.23121503605,True,2021
2021-09-24,4455.47998046875,17.75,0.00507326768269345,0.12,0.18,1,624.1665954073341,-2312.845123342666,33726.386091693385,False,2021
2021-10-08,4391.33984375,18.770000457763672,0.007872272088387922,0.12,0.18,1,634.2170590426861,634.2170590426861,34360.60315073607,True,2021
2021-10-13,4363.7998046875,18.63999938964844,5.7292803151032246e-05,0.12,0.18,1,629.1865396073433,-2370.8134603926565,31989.789690343412,False,2021
2021-10-18,4486.4599609375,16.309999465942383,0.02872381648455713,0.1,0.2,1,607.3638329890883,607.3638329890883,32597.1535233325,True,2021
2021-10-22,4544.89990234375,15.43000030517578,0.016444575874765777,0.12,0.18,1,593.8825322535905,593.8825322535905,33191.03605558609,True,2021
2021-10-27,4551.68017578125,16.979999542236328,0.003414811675676477,0.12,0.18,1,618.3490896808905,618.3490896808905,33809.38514526698,True,2021
2021-11-01,4613.669921875,16.40999984741211,0.01033398626690274,0.12,0.18,1,616.748880024943,616.748880024943,34426.13402529192,True,2021
2021-11-05,4697.52978515625,16.479999542236328,0.020009185927887918,0.1,0.2,1,620.5156002494192,620.5156002494192,35046.64962554134,True,2021
2021-11-10,4646.7099609375,18.729999542236328,-0.0029738559455170233,0.18,0.12,1,650.0864439112718,650.0864439112718,35696.73606945261,True,2021
2021-11-15,4682.7998046875,16.489999771118164,-0.004019905532012258,0.18,0.12,1,620.7918888447978,620.7918888447978,36317.5279582974,True,2021
2021-11-19,4697.9599609375,17.90999984741211,0.0032266382579302366,0.12,0.18,1,634.7532618419137,634.7532618419137,36952.28122013932,True,2021
2021-11-24,4701.4599609375,18.57999992370605,0.0027278608380658653,0.12,0.18,1,650.0653417409268,650.0653417409268,37602.346561880244,True,2021
2021-12-08,4701.2099609375,19.899999618530277,0.041694715811581684,0.1,0.2,1,663.4759202537055,663.4759202537055,38265.822482133946,True,2021
2021-12-15,4709.85009765625,19.290000915527344,0.0018378538271086597,0.12,0.18,1,653.5801607326789,167.5938326076789,38433.416314741626,True,2021
2021-12-22,4696.56005859375,18.6299991607666,-0.0028217541507560284,0.18,0.12,1,649.8390953889952,-169.15504523600475,38264.26126950562,False,2021
2021-12-28,4786.35009765625,17.540000915527344,0.047795341787360224,0.1,0.2,1,641.3016429843111,641.3016429843111,38905.562912489935,True,2021
2021-12-31,4766.18017578125,17.219999313354492,0.008546748032581375,0.12,0.18,1,633.1192040908945,633.1192040908945,39538.68211658083,True,2021
2022-01-05,4700.580078125,19.729999542236328,-0.01929455907879507,0.18,0.12,1,665.7481309450759,665.7481309450759,40204.4302475259,True,2022
2022-01-10,4670.2900390625,19.399999618530277,-0.0263251200837189,0.2,0.1,1,665.2214384666252,665.2214384666252,40869.651685992525,True,2022
2022-01-14,4662.85009765625,19.190000534057617,-0.003031771904682512,0.18,0.12,1,657.5008637159328,-2342.4991362840674,38527.15254970846,False,2022
2022-02-09,4587.18017578125,19.959999084472656,-0.00047930375942251136,0.18,0.12,1,658.7950394095628,-2341.204960590437,36185.94758911802,False,2022
2022-03-28,4575.52001953125,19.6299991607666,0.025629954237384345,0.1,0.2,1,656.3065687292891,656.3065687292891,36842.25415784731,True,2022
2022-04-01,4545.85986328125,19.6299991607666,0.000616281680495101,0.12,0.18,1,647.6805123235437,647.6805123235437,37489.93467017086,True,2022
2022-08-10,4210.240234375,19.739999771118164,0.013253444151605231,0.12,0.18,1,637.8162798596236,22.82604548462359,37512.76071565548,True,2022
2022-08-15,4297.14013671875,19.950000762939453,0.037941497442516736,0.1,0.2,1,645.2793889809385,645.2793889809385,38158.04010463642,True,2022
2022-12-02,4071.699951171875,19.059999465942383,0.011321031826595274,0.12,0.18,1,619.6754270664456,-2380.3245729335545,35777.71553170287,False,2022
2023-01-13,3999.090087890625,18.350000381469727,0.0267029194983055,0.1,0.2,1,610.6516395397648,610.6516395397648,36388.36717124263,True,2023
2023-01-20,3972.610107421875,19.850000381469727,-0.002651108202824104,0.18,0.12,1,629.7675111865829,629.7675111865829,37018.13468242921,True,2023
2023-01-25,4016.219970703125,19.07999992370605,0.02223542220712349,0.1,0.2,1,623.745400250786,617.739540875786,37635.874223305,True,2023
2023-01-30,4017.77001953125,19.940000534057617,-0.0005074963823573642,0.18,0.12,1,635.1209264465353,-1585.8751673034647,36049.999056001536,False,2023
2023-02-03,4136.47998046875,18.32999992370605,0.01619431255800552,0.12,0.18,1,614.0584096931775,614.0584096931775,36664.057465694714,True,2023
2023-02-08,4117.85986328125,19.6299991607666,-0.0003277564554982071,0.18,0.12,1,638.2750424997766,638.2750424997766,37302.33250819449,True,2023
2023-02-14,4136.1298828125,18.90999984741211,-0.0066931117164985565,0.18,0.12,1,627.0694630338625,627.0694630338625,37929.401971228355,True,2023
2023-03-03,4045.639892578125,18.489999771118164,0.01904259220858573,0.12,0.18,1,612.6377740078283,612.6377740078283,38542.03974523619,True,2023
2023-03-08,3992.010009765625,19.11000061035156,0.010279956747319963,0.12,0.18,1,617.2038296764242,-2382.796170323576,36159.24357491261,False,2023
2023-03-28,3971.27001953125,19.96999931335449,-0.007894359979497168,0.18,0.12,1,628.4389403830289,495.4311278830289,36654.67470279564,True,2023
2023-03-31,4109.31005859375,18.700000762939453,0.03483264090303373,0.1,0.2,1,619.4786222261911,619.4786222261911,37274.15332502183,True,2023
2023-04-05,4090.3798828125,19.07999992370605,0.01553445254580721,0.12,0.18,1,622.7592309320585,622.7592309320585,37896.91255595389,True,2023
2023-04-11,4108.93994140625,19.100000381469727,-0.0037749514738730783,0.18,0.12,1,630.5814517176486,630.5814517176486,38527.494007671536,True,2023
2023-04-14,4137.64013671875,17.06999969482422,0.00794639661494867,0.12,0.18,1,599.415438964229,599.415438964229,39126.909446635764,True,2023
2023-04-19,4154.52001953125,16.459999084472656,0.015291015067634417,0.12,0.18,1,588.3958042391669,588.3958042391669,39715.30525087493,True,2023
2023-04-24,4137.0400390625,16.889999389648438,-0.0034398181207195844,0.18,0.12,1,596.8884880979743,-2403.1115119020255,37312.19373897291,False,2023
2023-04-28,4169.47998046875,15.779999732971191,0.008699597623232913,0.12,0.18,1,585.0890357630391,585.0890357630391,37897.28277473595,True,2023
2023-05-03,4090.75,18.34000015258789,0.008570043281496353,0.12,0.18,1,613.0444139013832,613.0444139013832,38510.32718863733,True,2023
2023-05-08,4138.1201171875,16.979999542236328,-0.007137938362646312,0.18,0.12,1,600.1854479344388,600.1854479344388,39110.51263657177,True,2023
2023-05-12,4124.080078125,17.030000686645508,-0.0029422597461469246,0.18,0.12,1,599.7496273589576,599.7496273589576,39710.26226393073,True,2023
2023-05-17,4158.77001953125,16.8700008392334,0.005106747352189078,0.12,0.18,1,594.9560804876171,594.9560804876171,40305.21834441835,True,2023
2023-05-22,4192.6298828125,17.209999084472656,0.013623376701564549,0.12,0.18,1,600.5508329679799,-425.4257295320201,39879.792614886326,False,2023
2023-05-26,4205.4501953125,17.950000762939453,0.0032133299554173433,0.12,0.18,1,616.82864342622,616.82864342622,40496.621258312545,True,2023
2023-06-02,4282.3701171875,14.600000381469728,0.03157829363850406,0.1,0.2,1,570.0023302940608,570.0023302940608,41066.623588606606,True,2023
2023-06-07,4267.52001953125,13.9399995803833,0.020979307715204065,0.1,0.2,1,559.5278383837183,559.5278383837183,41626.15142699033,True,2023
2023-06-12,4338.93017578125,15.010000228881836,0.015241772787939478,0.12,0.18,1,581.5389149457559,581.5389149457559,42207.69034193608,True,2023
2023-06-16,4409.58984375,13.539999961853027,0.025757987929439397,0.1,0.2,1,560.9407943233265,560.9407943233265,42768.631136259406,True,2023
2023-06-23,4348.330078125,13.4399995803833,-0.017513007330000052,0.18,0.12,1,555.9878737941659,555.9878737941659,43324.619010053575,True,2023
2023-06-28,4376.85986328125,13.43000030517578,0.002558569670525479,0.12,0.18,1,552.1069380292545,-2235.8813432207453,41088.73766683283,False,2023
2023-07-03,4455.58984375,13.56999969482422,0.029285122661377727,0.1,0.2,1,560.3742122868255,560.3742122868255,41649.11187911966,True,2023
2023-07-07,4398.9501953125,14.829999923706056,0.000570974229082033,0.12,0.18,1,578.3911076065209,578.3911076065209,42227.50298672618,True,2023
2023-07-12,4472.16015625,13.539999961853027,0.005698529068625335,0.12,0.18,1,560.4114133941323,560.4114133941323,42787.91440012031,True,2023
2023-07-17,4522.7900390625,13.479999542236328,0.02568533594840816,0.1,0.2,1,561.9434162563635,561.9434162563635,43349.85781637667,True,2023
2023-07-21,4536.33984375,13.600000381469728,0.006862827974119634,0.12,0.18,1,569.0813664860428,569.0813664860428,43918.93918286271,True,2023
2023-07-26,4566.75,13.1899995803833,0.00022554714432621026,0.12,0.18,1,558.3809677773161,558.3809677773161,44477.32015064003,True,2023
2023-07-31,4588.9599609375,13.630000114440918,0.0075351341024880725,0.12,0.18,1,567.3540240398893,-1193.6323040851107,43283.687846554916,False,2023
2023-08-04,4478.02978515625,17.100000381469727,-0.022740062318268972,0.2,0.1,1,625.7178407574088,625.7178407574088,43909.405687312326,True,2023
2023-08-09,4467.7099609375,15.960000038146973,-0.01012103416667176,0.18,0.12,1,605.9045684254983,605.9045684254983,44515.31025573782,True,2023
2023-08-14,4489.72021484375,14.81999969482422,-0.006356115591869882,0.18,0.12,1,587.8972896365866,-2412.1027103634133,42103.20754537441,False,2023
2023-08-18,4369.7099609375,17.299999237060547,-0.021133241759744292,0.2,0.1,1,625.5595248127804,625.5595248127804,42728.76707018719,True,2023
2023-08-23,4436.009765625,15.979999542236328,0.007192850430839393,0.12,0.18,1,599.0571666594661,599.0571666594661,43327.82423684666,True,2023
2023-08-28,4433.31005859375,15.079999923706056,0.007623134598765624,0.12,0.18,1,582.7058956756019,-2404.305823074398,40923.51841377226,False,2023
2023-09-01,4515.77001953125,13.09000015258789,0.02498123107730188,0.1,0.2,1,557.1657350927865,557.1657350927865,41480.684148865046,True,2023
2023-09-08,4457.490234375,13.84000015258789,-0.011129925534745122,0.18,0.12,1,575.209988185415,575.209988185415,42055.89413705046,True,2023
2023-09-13,4467.43994140625,13.479999542236328,0.00043891383369154546,0.12,0.18,1,562.7959965205491,562.7959965205491,42618.69013357101,True,2023
2023-09-18,4453.52978515625,14.0,-0.007561109419717549,0.18,0.12,1,574.6862111863891,-105.29425756361093,42513.3958760074,False,2023
2023-09-22,4320.06005859375,17.200000762939453,-0.029269753808731536,0.2,0.1,1,619.0484841438717,619.0484841438717,43132.444360151276,True,2023
2023-09-27,4274.509765625,18.21999931335449,-0.029006047890204,0.2,0.1,1,631.1011580282724,631.1011580282724,43763.54551817955,True,2023
2023-10-02,4288.39013671875,17.610000610351562,-0.011308468901035096,0.18,0.12,1,620.7551416932716,620.7551416932716,44384.30065987282,True,2023
2023-10-06,4308.5,17.450000762939453,0.004769113290182592,0.12,0.18,1,615.4768337867296,615.4768337867296,44999.777493659545,True,2023
2023-10-11,4376.9501953125,16.09000015258789,0.02654944481090582,0.1,0.2,1,603.644006850692,603.644006850692,45603.42150051024,True,2023
2023-10-16,4373.6298828125,17.209999084472656,0.008757542149092412,0.12,0.18,1,612.4940733368163,612.4940733368163,46215.91557384705,True,2023
2023-10-24,4247.68017578125,18.96999931335449,-0.0287020977603063,0.2,0.1,1,640.6307842859434,-2359.3692157140567,43856.546358133,False,2023
2023-10-30,4166.81982421875,19.75,-0.011908877880826285,0.18,0.12,1,637.6350096066005,637.6350096066005,44494.1813677396,True,2023
2023-11-03,4358.33984375,14.90999984741211,0.058525155549315144,0.1,0.2,1,582.2894009836091,582.2894009836091,45076.47076872321,True,2023
2023-11-08,4382.77978515625,14.449999809265137,0.03419648750791704,0.1,0.2,1,576.0625256546945,576.0625256546945,45652.5332943779,True,2023
2023-11-13,4411.5498046875,14.760000228881836,0.010437478967518565,0.12,0.18,1,581.6958380843829,-2418.304161915617,43234.229132462286,False,2023
2023-11-17,4514.02001953125,13.800000190734863,0.022372459914456355,0.1,0.2,1,570.2002185262728,570.2002185262728,43804.42935098856,True,2023
2023-11-22,4556.6201171875,12.850000381469728,0.011934636449026037,0.12,0.18,1,552.4969883082747,552.4969883082747,44356.926339296835,True,2023
2023-11-28,4554.89013671875,12.6899995803833,0.0016515563027044156,0.12,0.18,1,551.6806248378259,551.6806248378259,44908.60696413466,True,2023
2023-12-01,4594.6298828125,12.630000114440918,0.007740164206200939,0.12,0.18,1,551.5155532593496,551.5155532593496,45460.12251739401,True,2023
2023-12-06,4549.33984375,12.970000267028809,-0.00027254423693412466,0.18,0.12,1,553.4857151670224,553.4857151670224,46013.60823256103,True,2023
2023-12-11,4622.43994140625,12.630000114440918,0.011523565407036251,0.12,0.18,1,548.369965608822,-2451.630034391178,43561.978198169854,False,2023
2023-12-15,4719.18994140625,12.279999732971191,0.024937140433203497,0.1,0.2,1,553.0280941851956,-233.98362456480436,43327.99457360505,False,2023
2023-12-20,4698.35009765625,13.670000076293944,-0.00185671962589673,0.18,0.12,1,574.1042028821198,574.1042028821198,43902.09877648717,True,2023
2023-12-26,4774.75,12.989999771118164,0.007212215641962061,0.12,0.18,1,561.8592689130509,561.8592689130509,44463.95804540022,True,2023
2023-12-29,4769.830078125,12.449999809265137,0.004862290646231671,0.12,0.18,1,560.9548967187294,-458.0392439062706,44005.91880149395,False,2023
2024-01-05,4697.240234375,13.350000381469728,-0.01800199891775478,0.18,0.12,1,567.1912667983776,567.1912667983776,44573.11006829233,True,2024
2024-01-10,4783.4501953125,12.6899995803833,0.016714837738264654,0.12,0.18,1,559.0041516030482,559.0041516030482,45132.114219895375,True,2024
2024-01-16,4765.97998046875,13.84000015258789,0.0005122117975795426,0.12,0.18,1,583.5760591481801,583.5760591481801,45715.690279043556,True,2024
2024-01-19,4839.81005859375,13.300000190734863,0.012461680019840715,0.12,0.18,1,576.2795381335707,576.2795381335707,46291.96981717712,True,2024
2024-01-24,4868.5498046875,13.140000343322754,0.02729143566460901,0.1,0.2,1,571.7458299150593,571.7458299150593,46863.715647092184,True,2024
2024-01-29,4927.93017578125,13.600000381469728,0.015977964261183697,0.12,0.18,1,590.6945932195185,-1444.3151724054815,45419.4004746867,False,2024
2024-02-02,4958.60986328125,13.850000381469728,0.013829495062599007,0.12,0.18,1,594.9661653150372,594.9661653150372,46014.36664000174,True,2024
2024-02-07,4995.06005859375,12.829999923706056,0.03083387352803446,0.1,0.2,1,583.6886257528818,583.6886257528818,46598.05526575462,True,2024
2024-02-12,5021.83984375,13.93000030517578,0.015988837163355196,0.12,0.18,1,596.0931928841404,596.0931928841404,47194.14845863876,True,2024
2024-02-16,5005.56982421875,14.239999771118164,-0.004185731464101616,0.18,0.12,1,605.2674439587662,605.2674439587662,47799.415902597524,True,2024
2024-02-23,5088.7998046875,13.75,0.011744134267272388,0.12,0.18,1,601.5352451635351,601.5352451635351,48400.95114776106,True,2024
2024-02-28,5069.759765625,13.84000015258789,0.017656261669675377,0.12,0.18,1,595.9776836005489,-712.0301288994511,47688.921018861605,False,2024
2024-03-04,5130.9501953125,13.489999771118164,0.01211560297684633,0.12,0.18,1,595.7082794985325,595.7082794985325,48284.62929836014,True,2024
2024-03-08,5123.68994140625,14.739999771118164,-0.002606565697850116,0.18,0.12,1,616.9981552913498,616.9981552913498,48901.62745365149,True,2024
2024-03-13,5165.31005859375,13.75,0.011861536242408599,0.12,0.18,1,602.983636196339,602.983636196339,49504.61108984783,True,2024
2024-03-18,5149.419921875,14.329999923706056,0.0061509085353002035,0.12,0.18,1,608.9337887780943,-1203.0779299719056,48301.53315987592,False,2024
2024-03-22,5234.18017578125,13.0600004196167,0.022882211492585736,0.1,0.2,1,593.3340889882771,593.3340889882771,48894.8672488642,True,2024
2024-03-27,5248.490234375,12.779999732971191,0.004568775652984636,0.12,0.18,1,586.912860321533,586.912860321533,49481.78010918573,True,2024
2024-04-02,5205.81005859375,14.609999656677246,-0.002372447716834869,0.18,0.12,1,622.2765977172884,193.27269146728838,49675.05280065302,True,2024
2024-04-05,5204.33984375,16.030000686645508,-0.00951787623145961,0.18,0.12,1,643.1447628918079,643.1447628918079,50318.19756354483,True,2024
2024-04-10,5160.64013671875,15.800000190734863,-0.009757304603747019,0.18,0.12,1,636.1381037450371,636.1381037450371,50954.335667289866,True,2024
2024-04-15,5061.81982421875,19.229999542236328,-0.027020332732804353,0.2,0.1,1,677.5687685129839,677.5687685129839,51631.90443580285,True,2024
2024-04-19,4967.22998046875,18.709999084472656,-0.030483637073390857,0.2,0.1,1,670.7436376939938,315.76316894399383,51947.66760474684,True,2024
2024-04-24,5071.6298828125,15.970000267028809,0.009840273954969225,0.12,0.18,1,627.359856783346,627.359856783346,52575.02746153019,True,2024
2024-04-29,5116.169921875,14.670000076293944,0.02106929752149478,0.1,0.2,1,610.5421438277773,-1550.4441842972228,51024.58327723297,False,2024
2024-05-03,5127.7900390625,13.489999771118164,0.005456920904901352,0.12,0.18,1,599.7058527839272,-70.31367846607282,50954.26959876689,False,2024
2024-05-08,5187.669921875,13.0,0.033731890216676774,0.1,0.2,1,588.736509048806,588.736509048806,51543.0061078157,True,2024
2024-05-13,5221.419921875,13.600000381469728,0.007852099441327809,0.12,0.18,1,601.8473379559964,-2398.1526620440036,49144.853445771696,False,2024
2024-05-17,5303.27001953125,11.989999771118164,0.015430744567456633,0.12,0.18,1,574.6839318678155,574.6839318678155,49719.53737763951,True,2024
2024-05-22,5307.009765625,12.289999961853027,-0.00021478984951928126,0.18,0.12,1,579.1318329650693,579.1318329650693,50298.66921060458,True,2024
2024-05-28,5306.0400390625,12.920000076293944,-0.0003937062197303387,0.18,0.12,1,594.4308120774508,-1557.5711410475492,48741.09806955703,False,2024
2024-05-31,5277.509765625,12.920000076293944,0.0018356522145359655,0.12,0.18,1,594.9299552999179,594.9299552999179,49336.02802485695,True,2024
2024-06-05,5354.02978515625,12.630000114440918,0.016533209279489647,0.12,0.18,1,588.2885916295834,588.2885916295834,49924.31661648653,True,2024
2024-06-10,5360.7900390625,12.739999771118164,0.014647790844758646,0.12,0.18,1,587.3459441601511,-115.63257146484887,49808.684045021684,False,2024
2024-06-14,5431.60009765625,12.65999984741211,0.015823829775731824,0.12,0.18,1,591.8065034384,388.8279878134,50197.51203283508,True,2024
2024-06-21,5464.6201171875,13.199999809265137,0.005682988416918944,0.12,0.18,1,605.1564013704791,605.1564013704791,50802.66843420556,True,2024
2024-06-26,5477.89990234375,12.550000190734863,-0.0016639025429019405,0.18,0.12,1,592.9175177985883,592.9175177985883,51395.58595200415,True,2024
2024-07-01,5475.08984375,12.220000267028809,0.00499639785402084,0.12,0.18,1,584.129085217063,-417.872867907937,50977.71308409621,False,2024
2024-07-05,5567.18994140625,12.479999542236328,0.015378774695834485,0.12,0.18,1,596.4311944252188,596.4311944252188,51574.14427852143,True,2024
2024-07-10,5633.91015625,12.850000381469728,0.022672022003727532,0.1,0.2,1,607.4068029830329,607.4068029830329,52181.55108150446,True,2024
2024-07-15,5631.22021484375,13.119999885559082,0.010474015300007578,0.12,0.18,1,610.4885238749148,610.4885238749148,52792.039605379374,True,2024
2024-07-19,5505.0,16.520000457763672,-0.01965150805152971,0.18,0.12,1,659.6972171120569,659.6972171120569,53451.73682249143,True,2024
2024-07-24,5427.1298828125,18.040000915527344,-0.028835424228886297,0.2,0.1,1,678.3042657001033,678.3042657001033,54130.04108819154,True,2024
2024-07-29,5463.5400390625,16.600000381469727,-0.018127728610048965,0.18,0.12,1,660.4229910051231,660.4229910051231,54790.46407919666,True,2024
2024-08-13,5434.43017578125,18.1200008392334,0.03709910030963748,0.1,0.2,1,673.1184359719691,-2326.881564028031,52463.58251516863,False,2024
2024-08-16,5554.25,14.800000190734863,0.03931204110795594,0.1,0.2,1,638.6783434839259,638.6783434839259,53102.26085865255,True,2024
2024-08-21,5620.85009765625,16.270000457763672,0.030363659310059576,0.1,0.2,1,655.8309521398343,655.8309521398343,53758.091810792386,True,2024
2024-08-26,5616.83984375,16.149999618530273,0.0015316442294832644,0.12,0.18,1,655.5395000068813,655.5395000068813,54413.63131079927,True,2024
2024-08-30,5648.39990234375,15.0,0.0024473813444236825,0.12,0.18,1,640.2389259281563,-2359.7610740718437,52053.87023672742,False,2024
2024-09-09,5471.0498046875,19.450000762939453,-0.03139828990908744,0.2,0.1,1,692.526054984512,692.526054984512,52746.396291711935,True,2024
2024-09-13,5626.02001953125,16.559999465942383,0.04023358038012925,0.1,0.2,1,658.8437820022364,658.8437820022364,53405.24007371417,True,2024
2024-09-18,5618.259765625,18.229999542236328,0.011546341941147675,0.12,0.18,1,675.2631534876059,170.2826847376059,53575.52275845178,True,2024
2024-09-23,5718.56982421875,15.890000343322754,0.015174616922467798,0.12,0.18,1,654.151981051649,654.151981051649,54229.674739503425,True,2024
2024-09-27,5738.169921875,16.959999084472656,0.006246349160899944,0.12,0.18,1,667.6130794860171,667.6130794860171,54897.28781898944,True,2024
2024-10-02,5709.5400390625,18.899999618530277,-0.0022228502520823534,0.18,0.12,1,693.8751745193827,693.8751745193827,55591.16299350882,True,2024
2024-10-14,5859.85009765625,19.700000762939453,0.02877666512219812,0.1,0.2,1,700.00057211289,700.00057211289,56291.16356562171,True,2024
2024-10-18,5864.669921875,18.030000686645508,0.008536523208438895,0.12,0.18,1,682.1331390169746,682.1331390169746,56973.296704638684,True,2024
2024-10-23,5797.419921875,19.239999771118164,-0.007710829719643653,0.18,0.12,1,697.7513108712571,697.7513108712571,57671.04801550994,True,2024
2024-10-28,5823.52001953125,19.799999237060547,-0.005203290930123949,0.18,0.12,1,703.6842359093498,703.6842359093498,58374.73225141929,True,2024
2024-11-06,5929.0400390625,16.270000457763672,0.019844628046975732,0.12,0.18,1,666.7532745709195,666.7532745709195,59041.48552599021,True,2024
2024-11-11,6001.35009765625,14.970000267028809,0.05052963826336132,0.1,0.2,1,653.6038140104836,653.6038140104836,59695.0893400007,True,2024
2024-11-15,5870.6201171875,16.139999389648438,-0.02083547454626511,0.2,0.1,1,675.289914855631,675.289914855631,60370.37925485633,True,2024
2024-11-20,5917.10986328125,17.15999984741211,-0.011406129747469018,0.18,0.12,1,682.2493025122299,682.2493025122299,61052.62855736856,True,2024
2024-11-25,5987.3701171875,14.600000381469728,0.015907031355244294,0.12,0.18,1,644.2841720371803,644.2841720371803,61696.91272940574,True,2024
2024-11-29,6032.3798828125,13.510000228881836,0.014065221270564976,0.12,0.18,1,632.3323239433762,632.3323239433762,62329.245053349114,True,2024
2024-12-04,6086.490234375,13.449999809265137,0.010771228525291887,0.12,0.18,1,630.4723503908576,630.4723503908576,62959.717403739975,True,2024
2024-12-09,6052.85009765625,14.1899995803833,0.0009426251051409817,0.12,0.18,1,644.0323317634466,644.0323317634466,63603.74973550342,True,2024
2024-12-13,6051.08984375,13.8100004196167,-0.006433241162641545,0.18,0.12,1,645.2090024745019,645.2090024745019,64248.958737977926,True,2024
2024-12-20,5930.85009765625,18.36000061035156,-0.019870758689518042,0.18,0.12,1,696.0102354208914,492.0063291708914,64740.96506714882,True,2024
2024-12-27,5970.83984375,15.949999809265137,0.01768507745647807,0.12,0.18,1,663.4434094775656,576.4316907275656,65317.396757876384,True,2024
2025-01-03,5942.47021484375,16.1299991607666,-0.01575456951662857,0.18,0.12,1,669.6286105974025,669.6286105974025,65987.02536847378,True,2025
2025-01-08,5918.25,17.700000762939453,0.006226185244078808,0.12,0.18,1,682.8781226087528,682.8781226087528,66669.90349108254,True,2025
2025-01-14,5842.91015625,18.709999084472656,-0.022169256040696972,0.2,0.1,1,697.5778905937318,697.5778905937318,67367.48138167628,True,2025
2025-01-17,5996.66015625,15.970000267028809,0.029109138782370536,0.1,0.2,1,668.9135836463095,-1518.0981351036905,65849.38324657259,False,2025
2025-01-24,6101.240234375,14.850000381469728,0.027605020924906576,0.1,0.2,1,658.7372777820974,658.7372777820974,66508.12052435469,True,2025
2025-01-29,6039.31005859375,16.559999465942383,-0.007732040228847659,0.18,0.12,1,679.0570272524235,679.0570272524235,67187.1775516071,True,2025
2025-02-03,5994.56982421875,18.6200008392334,-0.00294563153584837,0.18,0.12,1,695.5440430645751,695.5440430645751,67882.72159467168,True,2025
2025-02-07,6025.990234375,16.540000915527344,-0.002406999269663257,0.18,0.12,1,678.1191763965467,678.1191763965467,68560.84077106822,True,2025
2025-02-12,6051.97021484375,15.890000343322754,-0.0015688850999495685,0.18,0.12,1,670.9952581440746,670.9952581440746,69231.8360292123,True,2025
2025-02-18,6129.580078125,15.350000381469728,0.010408103818483339,0.12,0.18,1,665.3708524092167,665.3708524092167,69897.20688162152,True,2025
2025-02-21,6013.1298828125,18.209999084472656,-0.01667028248843805,0.18,0.12,1,697.5527171059582,697.5527171059582,70594.75959872747,True,2025
2025-02-26,5956.06005859375,19.100000381469727,-0.030612834442442782,0.2,0.1,1,706.8312025772002,706.8312025772002,71301.59080130467,True,2025
2025-03-19,5675.2900390625,19.899999618530277,0.013571381605854471,0.12,0.18,1,695.2583866280122,695.2583866280122,71996.84918793269,True,2025
2025-03-24,5767.56982421875,17.479999542236328,0.016290352472233982,0.12,0.18,1,674.1897433246152,674.1897433246152,72671.03893125731,True,2025
2025-05-12,5844.18994140625,18.38999938964844,0.034300359022459315,0.1,0.2,1,689.8254929452264,689.8254929452264,73360.86442420253,True,2025
2025-05-16,5958.3798828125,17.239999771118164,0.052734004307985805,0.1,0.2,1,680.5201661672754,680.5201661672754,74041.38459036981,True,2025
2025-05-27,5921.5400390625,18.959999084472656,-0.007052796616976331,0.18,0.12,1,697.3024902033785,697.3024902033785,74738.68708057319,True,2025
2025-05-30,5911.68994140625,18.56999969482422,0.011927432266761295,0.12,0.18,1,691.198709635762,691.198709635762,75429.88579020895,True,2025
2025-06-04,5970.81005859375,17.610000610351562,0.013969526731482773,0.12,0.18,1,684.3514130039068,684.3514130039068,76114.23720321286,True,2025
2025-06-09,6005.8798828125,17.15999984741211,0.011782454353755023,0.12,0.18,1,677.4516203796225,677.4516203796225,76791.68882359249,True,2025
2025-06-16,6033.10986328125,19.11000061035156,0.0045338869574591545,0.12,0.18,1,699.2819344699171,699.2819344699171,77490.97075806241,True,2025
2025-06-23,6025.169921875,19.82999992370605,0.008064237447853895,0.12,0.18,1,705.5454859825659,705.5454859825659,78196.51624404498,True,2025
2025-06-27,6173.06982421875,16.31999969482422,0.034389324419234146,0.1,0.2,1,678.7005727177643,678.7005727177643,78875.21681676274,True,2025
2025-07-02,6227.419921875,16.639999389648438,0.02220226687347271,0.1,0.2,1,683.2850405348495,683.2850405348495,79558.50185729758,True,2025
2025-07-08,6225.52001953125,16.809999465942383,0.003315066772701769,0.12,0.18,1,685.179598617566,685.179598617566,80243.68145591515,True,2025
2025-07-11,6259.75,16.399999618530273,-0.0031213576805608767,0.18,0.12,1,684.0101678096573,684.0101678096573,80927.69162372481,True,2025
2025-07-16,6263.7001953125,17.15999984741211,7.03195626527986e-05,0.12,0.18,1,688.6943815223958,688.6943815223958,81616.3860052472,True,2025
2025-07-21,6305.60009765625,16.649999618530273,0.005908859246186893,0.12,0.18,1,683.0588302998876,683.0588302998876,82299.4448355471,True,2025
2025-07-25,6388.64013671875,14.93000030517578,0.01458681281834906,0.12,0.18,1,662.3551505772582,662.3551505772582,82961.79998612436,True,2025
2025-07-30,6362.89990234375,15.479999542236328,0.0006274260833563083,0.12,0.18,1,670.6764581223581,-2329.323541877642,80632.47644424671,False,2025
2025-08-04,6329.93994140625,17.520000457763672,-0.009363416514541312,0.18,0.12,1,695.7001213021385,695.7001213021385,81328.17656554886,True,2025
2025-08-08,6389.4501953125,15.149999618530272,0.024277042739179855,0.1,0.2,1,673.0403469415364,673.0403469415364,82001.21691249039,True,2025
2025-08-13,6466.580078125,14.489999771118164,0.01915191005428918,0.12,0.18,1,660.0725324593498,660.0725324593498,82661.28944494974,True,2025
2025-08-18,6449.14990234375,14.989999771118164,0.011877351310743078,0.12,0.18,1,666.2322669501236,666.2322669501236,83327.52171189987,True,2025
2025-08-22,6466.91015625,14.220000267028809,0.0026528500233549135,0.12,0.18,1,659.7791102805218,659.7791102805218,83987.30082218039,True,2025
2025-08-27,6481.39990234375,14.850000381469728,0.013386970793805686,0.12,0.18,1,666.999974599355,666.999974599355,84654.30079677975,True,2025
2025-09-02,6415.5400390625,17.170000076293945,-0.0036929032577032173,0.18,0.12,1,699.0434452232648,699.0434452232648,85353.344242003,True,2025
2025-09-05,6481.5,15.18000030517578,-0.0031313906650358714,0.18,0.12,1,677.0737630172448,677.0737630172448,86030.41800502026,True,2025
2025-09-10,6532.0400390625,15.350000381469728,0.012992695158486667,0.12,0.18,1,674.2255561315176,674.2255561315176,86704.64356115177,True,2025
2025-09-15,6615.27978515625,15.6899995803833,0.018495321065515657,0.12,0.18,1,680.6088144451621,680.6088144451621,87385.25237559693,True,2025
2025-09-19,6664.35986328125,15.449999809265137,0.012160737717160197,0.12,0.18,1,679.5976718535712,679.5976718535712,88064.8500474505,True,2025
2025-09-24,6637.97021484375,16.18000030517578,0.0056997154137110595,0.12,0.18,1,687.5433532864974,687.5433532864974,88752.393400737,True,2025
2025-09-29,6661.2099609375,16.1200008392334,-0.004861257002801156,0.18,0.12,1,692.3876300454822,692.3876300454822,89444.78103078248,True,2025
2025-10-03,6715.7900390625,16.649999618530273,0.010850857448513995,0.12,0.18,1,695.0734111217741,695.0734111217741,90139.85444190426,True,2025
2025-10-08,6753.72021484375,16.299999237060547,0.006335680399006449,0.12,0.18,1,692.854606207726,-2307.1453937922743,87832.70904811198,False,2025
2025-10-13,6654.72021484375,19.030000686645508,-0.012693771332893844,0.18,0.12,1,720.8657024585364,720.8657024585364,88553.57475057052,True,2025
2025-10-20,6735.1298828125,18.229999542236328,0.01208310272600066,0.12,0.18,1,708.5142163907392,708.5142163907392,89262.08896696127,True,2025
2025-10-24,6791.68994140625,16.3700008392334,0.01915966216614251,0.12,0.18,1,693.5187645822964,-645.4949072927036,88616.59405966857,False,2025
2025-10-29,6890.58984375,16.920000076293945,0.028538368240917045,0.1,0.2,1,703.0237756111319,703.0237756111319,89319.6178352797,True,2025
2025-11-03,6851.97021484375,17.170000076293945,-0.0033730038107067095,0.18,0.12,1,709.3423005827844,709.3423005827844,90028.96013586248,True,2025
2025-11-07,6728.7998046875,19.07999992370605,-0.016286130148842948,0.18,0.12,1,723.3738994776218,723.3738994776218,90752.3340353401,True,2025
2025-11-12,6850.919921875,17.510000228881836,0.008038191792655747,0.12,0.18,1,706.0155728496682,167.00190097466816,90919.33593631476,True,2025
2025-11-25,6765.8798828125,18.559999465942383,0.022450185655230825,0.1,0.2,1,714.9829465867867,714.9829465867867,91634.31888290154,True,2025
2025-12-01,6812.6298828125,17.239999771118164,0.03174919862006176,0.1,0.2,1,700.7697986871733,700.7697986871733,92335.08868158872,True,2025
2025-12-05,6870.39990234375,15.40999984741211,0.003111370865312324,0.12,0.18,1,687.8807828481058,687.8807828481058,93022.96946443683,True,2025
2025-12-10,6886.68017578125,15.770000457763672,0.00539583512585029,0.12,0.18,1,690.1526832570141,690.1526832570141,93713.12214769384,True,2025
2025-12-15,6816.509765625,16.5,-0.00438179467012878,0.18,0.12,1,702.709114497037,-754.273307377963,92958.84884031587,False,2025
2025-12-19,6834.5,14.90999984741211,0.0010384382346664278,0.12,0.18,1,675.6729613657569,675.6729613657569,93634.52180168162,True,2025
2025-12-24,6932.0498046875,13.470000267028809,0.03133553773498354,0.1,0.2,1,663.6482258094361,663.6482258094361,94298.17002749105,True,2025
2025-12-30,6896.240234375,14.329999923706056,0.002580508134080839,0.12,0.18,1,675.2435831133596,675.2435831133596,94973.41361060442,True,2025
2026-01-05,6902.0498046875,14.899999618530272,-0.004024585631991817,0.18,0.12,1,682.2658563861637,682.2658563861637,95655.67946699058,True,2026
2026-01-09,6966.27978515625,14.489999771118164,0.015719186193907886,0.12,0.18,1,673.2595270360378,673.2595270360378,96328.93899402661,True,2026
2026-01-14,6926.60009765625,16.75,0.0008192427507562883,0.12,0.18,1,702.3635932394086,702.3635932394086,97031.30258726602,True,2026
2026-01-21,6875.6201171875,16.899999618530273,-0.012654136171322716,0.18,0.12,1,704.2868426459165,704.2868426459165,97735.58942991194,True,2026
