delta,wing_width,dte,total_trades,win_rate,total_pnl,avg_pnl,avg_win,avg_loss,max_loss,sharpe
0.1,15,0,60,0.31666666666666665,-39025.9765625,-650.4329427083334,152.37201891447367,-1022.4645102896342,-1500.0,-0.9264688759447484
0.1,15,1,59,0.9830508474576272,6942.051294387851,117.66188634555681,121.74509736368353,-119.164352705792,-119.164352705792,3.725947343453601
0.1,15,2,58,1.0,7325.0803598838,126.29448896351377,126.29448896351377,0.0,116.89297529363216,29.675753474004814
0.1,15,3,57,0.9824561403508771,7005.295586485136,122.89992256991466,128.99627581527906,-218.49585917049126,-218.49585917049126,2.685360329483503
0.1,20,0,60,0.31666666666666665,-51183.0078125,-853.0501302083334,152.37201891447367,-1318.9774676067073,-2000.0,-0.9364416347713905
0.1,20,1,59,0.9830508474576272,8757.092669861733,148.42529948918192,152.4820530356028,-86.86640620322805,-86.86640620322805,4.666757308965919
0.1,20,2,58,1.0,9316.251043007058,160.62501798288028,160.62501798288028,0.0,147.67327999441557,26.971824395647527
0.1,20,3,57,0.9824561403508771,9085.848828414813,159.40085663885645,165.48578943445742,-181.3553799147993,-181.3553799147993,3.4780874101618457
0.1,25,0,60,0.31666666666666665,-61387.98828125,-1023.1331380208334,152.37201891447367,-1567.8794302591464,-2500.0,-0.9267493140642559
0.1,25,1,59,0.9830508474576272,10331.417920024243,175.10877830549566,179.13469068284388,-58.39413958070132,-58.39413958070132,5.441181543326222
0.1,25,2,58,1.0,11110.610718096716,191.56225376028823,191.56225376028823,0.0,174.9488790985023,24.35381038065917
0.1,25,3,57,0.9824561403508771,10999.892815630117,192.98057571280907,199.05328621258428,-147.0912122746032,-147.0912122746032,4.197930656099162
0.1,30,0,60,0.31666666666666665,-70593.017578125,-1176.55029296875,152.37201891447367,-1792.3923399390244,-3000.0,-0.9103220220306549
0.1,30,1,59,0.9830508474576272,11691.669726182123,198.16389366410374,202.15602796689342,-33.37989589769563,-33.37989589769563,6.052399227385141
0.1,30,2,58,1.0,12724.052939843448,219.3802231007491,219.3802231007491,0.0,199.0436902408078,21.994688336744108
0.1,30,3,57,0.9824561403508771,12758.178138611922,223.82768664231446,229.88760275237215,-115.5276155209151,-115.5276155209151,4.843626362183934
0.12,15,0,60,0.31666666666666665,-39025.9765625,-650.4329427083334,152.37201891447367,-1022.4645102896342,-1500.0,-0.9264688759447484
0.12,15,1,59,0.9830508474576272,7487.335644382656,126.90399397258736,147.84081992209275,-1087.4319110987244,-1087.4319110987244,0.7952525405040297
0.12,15,2,58,1.0,8907.42092676015,153.5762228751751,153.5762228751751,0.0,141.2448449534054,27.640125379256908
0.12,15,3,57,0.9824561403508771,7430.981036715943,130.36808836343764,156.56575944663953,-1336.7014922958674,-1336.7014922958674,0.6648049811724142
0.12,20,0,60,0.31666666666666665,-51183.0078125,-853.0501302083334,152.37201891447367,-1318.9774676067073,-2000.0,-0.9364416347713905
0.12,20,1,59,0.9830508474576272,9722.542947163092,164.78886351123882,185.6695554067186,-1046.29126642659,-1046.29126642659,1.034627266070805
0.12,20,2,58,1.0,11356.34441055952,195.799041561371,195.799041561371,0.0,178.0288346344886,25.973658385550838
0.12,20,3,57,0.9824561403508771,9628.783968002463,168.92603452635893,201.20758478596443,-1638.8407800115488,-1638.8407800115488,0.6990262413065668
0.12,25,0,60,0.31666666666666665,-61387.98828125,-1023.1331380208334,152.37201891447367,-1567.8794302591464,-2500.0,-0.9267493140642559
0.12,25,1,59,0.9830508474576272,11673.909634914837,197.86287516804808,218.6842633551554,-1009.7776396841763,-1009.7776396841763,1.2443721677036383
0.12,25,2,58,1.0,13573.963578718533,234.0338548054919,234.0338548054919,0.0,210.42038522004452,23.9602103741201
0.12,25,3,57,0.9824561403508771,11980.942533312444,210.19197426863943,242.4346175778858,-1595.3960510491584,-1595.3960510491584,0.8706058829833458
0.12,30,0,60,0.31666666666666665,-70593.017578125,-1176.55029296875,152.37201891447367,-1792.3923399390244,-3000.0,-0.9103220220306549
0.12,30,1,59,0.9830508474576272,13370.922405967778,226.62580349097922,247.386243088781,-977.4796931815217,-977.4796931815217,1.4271645019836556
0.12,30,2,58,1.0,15577.720549071691,268.5813887770982,268.5813887770982,0.0,238.83896336427028,21.96147109187469
0.12,30,3,57,0.9824561403508771,14150.153173329594,248.24830128648424,280.452687942785,-1555.1973514663587,-1555.1973514663587,1.0290629656629489
0.15,15,0,60,0.31666666666666665,-39025.9765625,-650.4329427083334,152.37201891447367,-1022.4645102896342,-1500.0,-0.9264688759447484
0.15,15,1,59,0.9661016949152542,8999.27982175424,152.5301664704108,186.2854384878089,-809.4950860254357,-1307.1142865555544,0.7539648291364183
0.15,15,2,58,0.9482758620689655,8740.289581742525,150.69464796107803,194.94853614644128,-660.6266354372489,-1296.1051035774062,0.6769227481227892
0.15,15,3,57,0.9824561403508771,9653.847331513498,169.36574265813155,195.5747093975463,-1298.3363947490943,-1298.3363947490943,0.8620075579443035
0.15,20,0,60,0.31666666666666665,-51183.0078125,-853.0501302083334,152.37201891447367,-1318.9774676067073,-2000.0,-0.9364416347713905
0.15,20,1,59,0.9661016949152542,11364.76896913231,192.6232028666494,234.66948249982278,-1005.6957666787923,-1755.4075542012583,0.7304010191633212
0.15,20,2,58,0.9655172413793104,11391.198027375154,196.39996598922673,244.94252889891854,-1162.7917954821442,-1735.6091579943836,0.7020811037956344
0.15,20,3,57,0.9824561403508771,12391.368006340475,217.39242116386797,252.34449403409877,-1739.9236595690581,-1739.9236595690581,0.8302567519527426
0.15,25,0,60,0.31666666666666665,-61387.98828125,-1023.1331380208334,152.37201891447367,-1567.8794302591464,-2500.0,-0.9267493140642559
0.15,25,1,59,0.9661016949152542,13643.040443390564,231.23797361678933,277.19684168883515,-1078.5897664365166,-1952.2261783215981,0.7873373361045207
0.15,25,2,58,0.9655172413793104,14250.05677631918,245.69063407446868,294.2717440861147,-1114.5804462516196,-1690.608859619931,0.8769384403423436
0.15,25,3,57,0.9824561403508771,14895.873687891868,261.33111733143625,305.02560268113274,-2185.560062251568,-2185.560062251568,0.7986028135594806
0.15,30,0,60,0.31666666666666665,-70593.017578125,-1176.55029296875,152.37201891447367,-1792.3923399390244,-3000.0,-0.9103220220306549
0.15,30,1,59,0.9661016949152542,15852.92557883588,268.69365387857425,314.4294237697067,-1034.7757880187032,-1911.0855336493728,0.9165841992793597
0.15,30,2,58,0.9655172413793104,16860.05673792818,290.6906334125548,339.0853794998573,-1064.3622570319167,-1636.933387651186,1.041674869413191
0.15,30,3,57,0.9824561403508771,17180.102067369226,301.40529942753034,353.8417849002534,-2635.0378870449617,-2635.0378870449617,0.7676025938415314
0.18,15,0,60,0.31666666666666665,-39025.9765625,-650.4329427083334,152.37201891447367,-1022.4645102896342,-1500.0,-0.9264688759447484
0.18,15,1,59,0.9661016949152542,10385.369991697838,176.02322019826846,226.54422758729189,-1263.8254903888992,-1263.9654758428605,0.6518712785550029
0.18,15,2,58,0.9310344827586207,8606.896359108818,148.39476481222096,233.9955608586352,-1007.2159818143717,-1260.1073768699507,0.4567433639354693
0.18,15,3,57,0.9473684210526315,10037.349052488207,176.09384302610889,237.74343060900355,-933.5987334659952,-1269.5193248022406,0.622186732293679
0.18,20,0,60,0.31666666666666665,-51183.0078125,-853.0501302083334,152.37201891447367,-1318.9774676067073,-2000.0,-0.9364416347713905
0.18,20,1,59,0.9661016949152542,13425.465881404634,227.5502691763498,286.5683715722248,-1454.4656491060891,-1699.8333535152597,0.7139919912819597
0.18,20,2,58,0.9310344827586207,11576.145569081054,199.58871670829402,299.59226044621965,-1150.459123753703,-1687.426168135073,0.5113569853461859
0.18,20,3,57,0.9473684210526315,13384.274454410635,234.81183253351998,306.6696719477113,-1058.6292769219237,-1702.3705642536697,0.6946518946599753
0.18,25,0,60,0.31666666666666665,-61387.98828125,-1023.1331380208334,152.37201891447367,-1567.8794302591464,-2500.0,-0.9267493140642559
0.18,25,1,59,0.9661016949152542,16073.612584924082,272.43411160888274,339.71552081811,-1645.0860508540927,-2142.1533728479403,0.7339699733430242
0.18,25,2,58,0.9310344827586207,14572.517947136672,251.25030943339084,359.59344710660514,-1211.382049155003,-2119.51212738403,0.5790984210841831
0.18,25,3,57,0.9473684210526315,16551.02884062395,290.3689270284903,370.8399964199351,-1158.1103220175162,-2139.6971810211085,0.7437059718053245
0.18,30,0,60,0.31666666666666665,-70593.017578125,-1176.55029296875,152.37201891447367,-1792.3923399390244,-3000.0,-0.9103220220306549
0.18,30,1,59,0.9661016949152542,18353.03737852241,311.0684301444475,386.5896638866178,-1841.2867315074038,-2590.4466404935533,0.7289051508935128
0.18,30,2,58,0.9310344827586207,17267.18364758388,297.7100628893772,414.35383419804396,-1276.980849777624,-2555.382775167527,0.6178083822692393
0.18,30,3,57,0.9473684210526315,19462.980597679114,341.45579995928284,430.4935408355076,-1261.2235358127652,-2581.2844458410723,0.7650236816344813
0.2,15,0,60,0.31666666666666665,-39025.9765625,-650.4329427083334,152.37201891447367,-1022.4645102896342,-1500.0,-0.9264688759447484
0.2,15,1,59,0.9491525423728814,10929.575881546358,185.24704883976884,253.63193200182405,-1091.270770185262,-1244.0561232715709,0.6184093078737841
0.2,15,2,58,0.9310344827586207,9467.558063432363,163.2337597143511,262.08878771219486,-1171.3091182565393,-1239.8768055269556,0.44794610170885596
0.2,15,3,57,0.9122807017543859,9629.147655777975,168.93241501364875,265.59542913169236,-836.3629318140056,-1238.0621566745504,0.4902806930148707
0.2,20,0,60,0.31666666666666665,-51183.0078125,-853.0501302083334,152.37201891447367,-1318.9774676067073,-2000.0,-0.9364416347713905
0.2,20,1,59,0.9491525423728814,13923.02879142204,235.9835388376617,321.0291824536822,-1351.5351419947212,-1671.5987848416717,0.6184841880329999
0.2,20,2,58,0.9310344827586207,12267.960371047464,211.51655812150807,336.04792358083546,-1469.656875579412,-1666.4182893963243,0.454396464768424
0.2,20,3,57,0.9122807017543859,13036.55810913823,228.7115457743549,342.9740590120625,-959.6185918978039,-1661.308748521185,0.5444790225915014
0.2,25,0,60,0.31666666666666665,-61387.98828125,-1023.1331380208334,152.37201891447367,-1567.8794302591464,-2500.0,-0.9267493140642559
0.2,25,1,59,0.9491525423728814,16964.814633579397,287.5392310776169,380.92594164539486,-1455.679366187572,-2104.9469105576236,0.6741759741925372
0.2,25,2,58,0.9310344827586207,15126.261428432346,260.7976108350405,403.91741144665383,-1671.3196974217399,-2076.272250005877,0.4816849258683135
0.2,25,3,57,0.9298245614035088,16165.289042880231,283.6015621557935,408.45254359274054,-1370.6739418837542,-2089.4672870514114,0.5670296741097123
0.2,30,0,60,0.31666666666666665,-70593.017578125,-1176.55029296875,152.37201891447367,-1792.3923399390244,-3000.0,-0.9103220220306549
0.2,30,1,59,0.9491525423728814,19615.266587795406,332.46214555585436,433.94802107396634,-1561.9408641155703,-2547.2669298902133,0.7000128694521524
0.2,30,2,58,0.9310344827586207,18247.19395843346,314.60679238678375,466.06012507039605,-1730.013198841982,-2504.4207465507384,0.542412510386004
0.2,30,3,57,0.9298245614035088,19016.918005791984,333.6301404524909,475.7198377340144,-1549.0583485276943,-2522.3185265028405,0.5718394094464765
